id,criteria
1,freegame
2,freegame
3,freegame
4,freegame
5,freegame
6,freegame
7,freegame
8,freegame
9,freegame
10,freegame
11,freegame
12,freegame
13,freegame
14,freegame
15,freegame
16,freegame
17,freegame
18,freegame
19,freegame
20,freegame
21,freegame
22,freegame
23,freegame
24,freegame
25,freegame
26,freegame
27,freegame
28,freegame
29,freegame
30,freegame
31,freegame
32,freegame
33,freegame
34,freegame
35,freegame
36,freegame
37,freegame
38,freegame
39,freegame
40,freegame
41,freegame
42,freegame
43,freegame
44,freegame
45,freegame
46,freegame
47,freegame
48,freegame
49,freegame
50,freegame
51,freegame
52,freegame
53,freegame
54,freegame
55,freegame
56,freegame
57,freegame
58,freegame
59,freegame
60,freegame
61,freegame
62,freegame
63,freegame
64,freegame
65,freegame
66,freegame
67,freegame
68,freegame
69,freegame
70,freegame
71,freegame
72,freegame
73,freegame
74,freegame
75,freegame
76,freegame
77,freegame
78,freegame
79,freegame
80,freegame
81,freegame
82,freegame
83,freegame
84,freegame
85,freegame
86,freegame
87,freegame
88,freegame
89,freegame
90,freegame
91,freegame
92,freegame
93,freegame
94,freegame
95,freegame
96,freegame
97,freegame
98,freegame
99,freegame
100,freegame
101,freegame
102,freegame
103,freegame
104,freegame
105,freegame
106,freegame
107,freegame
108,freegame
109,freegame
110,freegame
111,freegame
112,freegame
113,freegame
114,freegame
115,freegame
116,freegame
117,freegame
118,freegame
119,freegame
120,freegame
121,freegame
122,freegame
123,freegame
124,freegame
125,freegame
126,freegame
127,freegame
128,freegame
129,freegame
130,freegame
131,freegame
132,freegame
133,freegame
134,freegame
135,freegame
136,freegame
137,freegame
138,freegame
139,freegame
140,freegame
141,freegame
142,freegame
143,freegame
144,freegame
145,freegame
146,freegame
147,freegame
148,freegame
149,freegame
150,freegame
151,freegame
152,freegame
153,freegame
154,freegame
155,freegame
156,freegame
157,freegame
158,freegame
159,freegame
160,freegame
161,freegame
162,freegame
163,freegame
164,freegame
165,freegame
166,freegame
167,freegame
168,freegame
169,freegame
170,freegame
171,freegame
172,freegame
173,freegame
174,freegame
175,freegame
176,freegame
177,freegame
178,freegame
179,freegame
180,freegame
181,freegame
182,freegame
183,freegame
184,freegame
185,freegame
186,freegame
187,freegame
188,freegame
189,freegame
190,freegame
191,freegame
192,freegame
193,freegame
194,freegame
195,freegame
196,freegame
197,freegame
198,freegame
199,freegame
200,freegame
201,freegame
202,freegame
203,freegame
204,freegame
205,freegame
206,freegame
207,freegame
208,freegame
209,freegame
210,freegame
211,freegame
212,freegame
213,freegame
214,freegame
215,freegame
216,freegame
217,freegame
218,freegame
219,freegame
220,freegame
221,freegame
222,freegame
223,freegame
224,freegame
225,freegame
226,freegame
227,freegame
228,freegame
229,freegame
230,freegame
231,freegame
232,freegame
233,freegame
234,freegame
235,freegame
236,freegame
237,freegame
238,freegame
239,freegame
240,freegame
241,freegame
242,freegame
243,freegame
244,freegame
245,freegame
246,freegame
247,freegame
248,freegame
249,freegame
250,freegame
251,freegame
252,freegame
253,freegame
254,freegame
255,freegame
256,freegame
257,freegame
258,freegame
259,freegame
260,freegame
261,freegame
262,freegame
263,freegame
264,freegame
265,freegame
266,freegame
267,freegame
268,freegame
269,freegame
270,freegame
271,freegame
272,freegame
273,freegame
274,freegame
275,freegame
276,freegame
277,freegame
278,freegame
279,freegame
280,freegame
281,freegame
282,freegame
283,freegame
284,freegame
285,freegame
286,freegame
287,freegame
288,freegame
289,freegame
290,freegame
291,freegame
292,freegame
293,freegame
294,freegame
295,freegame
296,freegame
297,freegame
298,freegame
299,freegame
300,freegame
301,freegame
302,freegame
303,freegame
304,freegame
305,freegame
306,freegame
307,freegame
308,freegame
309,freegame
310,freegame
311,freegame
312,freegame
313,freegame
314,freegame
315,freegame
316,freegame
317,freegame
318,freegame
319,freegame
320,freegame
321,freegame
322,freegame
323,freegame
324,freegame
325,freegame
326,freegame
327,freegame
328,freegame
329,freegame
330,freegame
331,freegame
332,freegame
333,freegame
334,freegame
335,freegame
336,freegame
337,freegame
338,freegame
339,freegame
340,freegame
341,freegame
342,freegame
343,freegame
344,freegame
345,freegame
346,freegame
347,freegame
348,freegame
349,freegame
350,freegame
351,freegame
352,freegame
353,freegame
354,freegame
355,freegame
356,freegame
357,freegame
358,freegame
359,freegame
360,freegame
361,freegame
362,freegame
363,freegame
364,freegame
365,freegame
366,freegame
367,freegame
368,freegame
369,freegame
370,freegame
371,freegame
372,freegame
373,freegame
374,freegame
375,freegame
376,freegame
377,freegame
378,freegame
379,freegame
380,freegame
381,freegame
382,freegame
383,freegame
384,freegame
385,freegame
386,freegame
387,freegame
388,freegame
389,freegame
390,freegame
391,freegame
392,freegame
393,freegame
394,freegame
395,freegame
396,freegame
397,freegame
398,freegame
399,freegame
400,freegame
401,freegame
402,freegame
403,freegame
404,freegame
405,freegame
406,freegame
407,freegame
408,freegame
409,freegame
410,freegame
411,freegame
412,freegame
413,freegame
414,freegame
415,freegame
416,freegame
417,freegame
418,freegame
419,freegame
420,freegame
421,freegame
422,freegame
423,freegame
424,freegame
425,freegame
426,freegame
427,freegame
428,freegame
429,freegame
430,freegame
431,freegame
432,freegame
433,freegame
434,freegame
435,freegame
436,freegame
437,freegame
438,freegame
439,freegame
440,freegame
441,freegame
442,freegame
443,freegame
444,freegame
445,freegame
446,freegame
447,freegame
448,freegame
449,freegame
450,freegame
451,freegame
452,freegame
453,freegame
454,freegame
455,freegame
456,freegame
457,freegame
458,freegame
459,freegame
460,freegame
461,freegame
462,freegame
463,freegame
464,freegame
465,freegame
466,freegame
467,freegame
468,freegame
469,freegame
470,freegame
471,freegame
472,freegame
473,freegame
474,freegame
475,freegame
476,freegame
477,freegame
478,freegame
479,freegame
480,freegame
481,freegame
482,freegame
483,freegame
484,freegame
485,freegame
486,freegame
487,freegame
488,freegame
489,freegame
490,freegame
491,freegame
492,freegame
493,freegame
494,freegame
495,freegame
496,freegame
497,freegame
498,freegame
499,freegame
500,freegame
501,freegame
502,freegame
503,freegame
504,freegame
505,freegame
506,freegame
507,freegame
508,freegame
509,freegame
510,freegame
511,freegame
512,freegame
513,freegame
514,freegame
515,freegame
516,freegame
517,freegame
518,freegame
519,freegame
520,freegame
521,freegame
522,freegame
523,freegame
524,freegame
525,freegame
526,freegame
527,freegame
528,freegame
529,freegame
530,freegame
531,freegame
532,freegame
533,freegame
534,freegame
535,freegame
536,freegame
537,freegame
538,freegame
539,freegame
540,freegame
541,freegame
542,freegame
543,freegame
544,freegame
545,freegame
546,freegame
547,freegame
548,freegame
549,freegame
550,freegame
551,freegame
552,freegame
553,freegame
554,freegame
555,freegame
556,freegame
557,freegame
558,freegame
559,freegame
560,freegame
561,freegame
562,freegame
563,freegame
564,freegame
565,freegame
566,freegame
567,freegame
568,freegame
569,freegame
570,freegame
571,freegame
572,freegame
573,freegame
574,freegame
575,freegame
576,freegame
577,freegame
578,freegame
579,freegame
580,freegame
581,freegame
582,freegame
583,freegame
584,freegame
585,freegame
586,freegame
587,freegame
588,freegame
589,freegame
590,freegame
591,freegame
592,freegame
593,freegame
594,freegame
595,freegame
596,freegame
597,freegame
598,freegame
599,freegame
600,freegame
601,freegame
602,freegame
603,freegame
604,freegame
605,freegame
606,freegame
607,freegame
608,freegame
609,freegame
610,freegame
611,freegame
612,freegame
613,freegame
614,freegame
615,freegame
616,freegame
617,freegame
618,freegame
619,freegame
620,freegame
621,freegame
622,freegame
623,freegame
624,freegame
625,freegame
626,freegame
627,freegame
628,freegame
629,freegame
630,freegame
631,freegame
632,freegame
633,freegame
634,freegame
635,freegame
636,freegame
637,freegame
638,freegame
639,freegame
640,freegame
641,freegame
642,freegame
643,freegame
644,freegame
645,freegame
646,freegame
647,freegame
648,freegame
649,freegame
650,freegame
651,freegame
652,freegame
653,freegame
654,freegame
655,freegame
656,freegame
657,freegame
658,freegame
659,freegame
660,freegame
661,freegame
662,freegame
663,freegame
664,freegame
665,freegame
666,freegame
667,freegame
668,freegame
669,freegame
670,freegame
671,freegame
672,freegame
673,freegame
674,freegame
675,freegame
676,freegame
677,freegame
678,freegame
679,freegame
680,freegame
681,freegame
682,freegame
683,freegame
684,freegame
685,freegame
686,freegame
687,freegame
688,freegame
689,freegame
690,freegame
691,freegame
692,freegame
693,freegame
694,freegame
695,freegame
696,freegame
697,freegame
698,freegame
699,freegame
700,freegame
701,freegame
702,freegame
703,freegame
704,freegame
705,freegame
706,freegame
707,freegame
708,freegame
709,freegame
710,freegame
711,freegame
712,freegame
713,freegame
714,freegame
715,freegame
716,freegame
717,freegame
718,freegame
719,freegame
720,freegame
721,freegame
722,freegame
723,freegame
724,freegame
725,freegame
726,freegame
727,freegame
728,freegame
729,freegame
730,freegame
731,freegame
732,freegame
733,freegame
734,freegame
735,freegame
736,freegame
737,freegame
738,freegame
739,freegame
740,freegame
741,freegame
742,freegame
743,freegame
744,freegame
745,freegame
746,freegame
747,freegame
748,freegame
749,freegame
750,freegame
751,freegame
752,freegame
753,freegame
754,freegame
755,freegame
756,freegame
757,freegame
758,freegame
759,freegame
760,freegame
761,freegame
762,freegame
763,freegame
764,freegame
765,freegame
766,freegame
767,freegame
768,freegame
769,freegame
770,freegame
771,freegame
772,freegame
773,freegame
774,freegame
775,freegame
776,freegame
777,freegame
778,freegame
779,freegame
780,freegame
781,freegame
782,freegame
783,freegame
784,freegame
785,freegame
786,freegame
787,freegame
788,freegame
789,freegame
790,freegame
791,freegame
792,freegame
793,freegame
794,freegame
795,freegame
796,freegame
797,freegame
798,freegame
799,freegame
800,freegame
801,freegame
802,freegame
803,freegame
804,freegame
805,freegame
806,freegame
807,freegame
808,freegame
809,freegame
810,freegame
811,freegame
812,freegame
813,freegame
814,freegame
815,freegame
816,freegame
817,freegame
818,freegame
819,freegame
820,freegame
821,freegame
822,freegame
823,freegame
824,freegame
825,freegame
826,freegame
827,freegame
828,freegame
829,freegame
830,freegame
831,freegame
832,freegame
833,freegame
834,freegame
835,freegame
836,freegame
837,freegame
838,freegame
839,freegame
840,freegame
841,freegame
842,freegame
843,freegame
844,freegame
845,freegame
846,freegame
847,freegame
848,freegame
849,freegame
850,freegame
851,freegame
852,freegame
853,freegame
854,freegame
855,freegame
856,freegame
857,freegame
858,freegame
859,freegame
860,freegame
861,freegame
862,freegame
863,freegame
864,freegame
865,freegame
866,freegame
867,freegame
868,freegame
869,freegame
870,freegame
871,freegame
872,freegame
873,freegame
874,freegame
875,freegame
876,freegame
877,freegame
878,freegame
879,freegame
880,freegame
881,freegame
882,freegame
883,freegame
884,freegame
885,freegame
886,freegame
887,freegame
888,freegame
889,freegame
890,freegame
891,freegame
892,freegame
893,freegame
894,freegame
895,freegame
896,freegame
897,freegame
898,freegame
899,freegame
900,freegame
901,freegame
902,freegame
903,freegame
904,freegame
905,freegame
906,freegame
907,freegame
908,freegame
909,freegame
910,freegame
911,freegame
912,freegame
913,freegame
914,freegame
915,freegame
916,freegame
917,freegame
918,freegame
919,freegame
920,freegame
921,freegame
922,freegame
923,freegame
924,freegame
925,freegame
926,freegame
927,freegame
928,freegame
929,freegame
930,freegame
931,freegame
932,freegame
933,freegame
934,freegame
935,freegame
936,freegame
937,freegame
938,freegame
939,freegame
940,freegame
941,freegame
942,freegame
943,freegame
944,freegame
945,freegame
946,freegame
947,freegame
948,freegame
949,freegame
950,freegame
951,freegame
952,freegame
953,freegame
954,freegame
955,freegame
956,freegame
957,freegame
958,freegame
959,freegame
960,freegame
961,freegame
962,freegame
963,freegame
964,freegame
965,freegame
966,freegame
967,freegame
968,freegame
969,freegame
970,freegame
971,freegame
972,freegame
973,freegame
974,freegame
975,freegame
976,freegame
977,freegame
978,freegame
979,freegame
980,freegame
981,freegame
982,freegame
983,freegame
984,freegame
985,freegame
986,freegame
987,freegame
988,freegame
989,freegame
990,freegame
991,freegame
992,freegame
993,freegame
994,freegame
995,freegame
996,freegame
997,freegame
998,freegame
999,freegame
1000,freegame
1001,freegame
1002,freegame
1003,freegame
1004,freegame
1005,freegame
1006,freegame
1007,freegame
1008,freegame
1009,freegame
1010,freegame
1011,freegame
1012,freegame
1013,freegame
1014,freegame
1015,freegame
1016,freegame
1017,freegame
1018,freegame
1019,freegame
1020,freegame
1021,freegame
1022,freegame
1023,freegame
1024,freegame
1025,freegame
1026,freegame
1027,freegame
1028,freegame
1029,freegame
1030,freegame
1031,freegame
1032,freegame
1033,freegame
1034,freegame
1035,freegame
1036,freegame
1037,freegame
1038,freegame
1039,freegame
1040,freegame
1041,freegame
1042,freegame
1043,freegame
1044,freegame
1045,freegame
1046,freegame
1047,freegame
1048,freegame
1049,freegame
1050,freegame
1051,freegame
1052,freegame
1053,freegame
1054,freegame
1055,freegame
1056,freegame
1057,freegame
1058,freegame
1059,freegame
1060,freegame
1061,freegame
1062,freegame
1063,freegame
1064,freegame
1065,freegame
1066,freegame
1067,freegame
1068,freegame
1069,freegame
1070,freegame
1071,freegame
1072,freegame
1073,freegame
1074,freegame
1075,freegame
1076,freegame
1077,freegame
1078,freegame
1079,freegame
1080,freegame
1081,freegame
1082,freegame
1083,freegame
1084,freegame
1085,freegame
1086,freegame
1087,freegame
1088,freegame
1089,freegame
1090,freegame
1091,freegame
1092,freegame
1093,freegame
1094,freegame
1095,freegame
1096,freegame
1097,freegame
1098,freegame
1099,freegame
1100,freegame
1101,freegame
1102,freegame
1103,freegame
1104,freegame
1105,freegame
1106,freegame
1107,freegame
1108,freegame
1109,freegame
1110,freegame
1111,freegame
1112,freegame
1113,freegame
1114,freegame
1115,freegame
1116,freegame
1117,freegame
1118,freegame
1119,freegame
1120,freegame
1121,freegame
1122,freegame
1123,freegame
1124,freegame
1125,freegame
1126,freegame
1127,freegame
1128,freegame
1129,freegame
1130,freegame
1131,freegame
1132,freegame
1133,freegame
1134,freegame
1135,freegame
1136,freegame
1137,freegame
1138,freegame
1139,freegame
1140,freegame
1141,freegame
1142,freegame
1143,freegame
1144,freegame
1145,freegame
1146,freegame
1147,freegame
1148,freegame
1149,freegame
1150,freegame
1151,freegame
1152,freegame
1153,freegame
1154,freegame
1155,freegame
1156,freegame
1157,freegame
1158,freegame
1159,freegame
1160,freegame
1161,freegame
1162,freegame
1163,freegame
1164,freegame
1165,freegame
1166,freegame
1167,freegame
1168,freegame
1169,freegame
1170,freegame
1171,freegame
1172,freegame
1173,freegame
1174,freegame
1175,freegame
1176,freegame
1177,freegame
1178,freegame
1179,freegame
1180,freegame
1181,freegame
1182,freegame
1183,freegame
1184,freegame
1185,freegame
1186,freegame
1187,freegame
1188,freegame
1189,freegame
1190,freegame
1191,freegame
1192,freegame
1193,freegame
1194,freegame
1195,freegame
1196,freegame
1197,freegame
1198,freegame
1199,freegame
1200,freegame
1201,freegame
1202,freegame
1203,freegame
1204,freegame
1205,freegame
1206,freegame
1207,freegame
1208,freegame
1209,freegame
1210,freegame
1211,freegame
1212,freegame
1213,freegame
1214,freegame
1215,freegame
1216,freegame
1217,freegame
1218,freegame
1219,freegame
1220,freegame
1221,freegame
1222,freegame
1223,freegame
1224,freegame
1225,freegame
1226,freegame
1227,freegame
1228,freegame
1229,freegame
1230,freegame
1231,freegame
1232,freegame
1233,freegame
1234,freegame
1235,freegame
1236,freegame
1237,freegame
1238,freegame
1239,freegame
1240,freegame
1241,freegame
1242,freegame
1243,freegame
1244,freegame
1245,freegame
1246,freegame
1247,freegame
1248,freegame
1249,freegame
1250,freegame
1251,freegame
1252,freegame
1253,freegame
1254,freegame
1255,freegame
1256,freegame
1257,freegame
1258,freegame
1259,freegame
1260,freegame
1261,freegame
1262,freegame
1263,freegame
1264,freegame
1265,freegame
1266,freegame
1267,freegame
1268,freegame
1269,freegame
1270,freegame
1271,freegame
1272,freegame
1273,freegame
1274,freegame
1275,freegame
1276,freegame
1277,freegame
1278,freegame
1279,freegame
1280,freegame
1281,freegame
1282,freegame
1283,freegame
1284,freegame
1285,freegame
1286,freegame
1287,freegame
1288,freegame
1289,freegame
1290,freegame
1291,freegame
1292,freegame
1293,freegame
1294,freegame
1295,freegame
1296,freegame
1297,freegame
1298,freegame
1299,freegame
1300,freegame
1301,freegame
1302,freegame
1303,freegame
1304,freegame
1305,freegame
1306,freegame
1307,freegame
1308,freegame
1309,freegame
1310,freegame
1311,freegame
1312,freegame
1313,freegame
1314,freegame
1315,freegame
1316,freegame
1317,freegame
1318,freegame
1319,freegame
1320,freegame
1321,freegame
1322,freegame
1323,freegame
1324,freegame
1325,freegame
1326,freegame
1327,freegame
1328,freegame
1329,freegame
1330,freegame
1331,freegame
1332,freegame
1333,freegame
1334,freegame
1335,freegame
1336,freegame
1337,freegame
1338,freegame
1339,freegame
1340,freegame
1341,freegame
1342,freegame
1343,freegame
1344,freegame
1345,freegame
1346,freegame
1347,freegame
1348,freegame
1349,freegame
1350,freegame
1351,freegame
1352,freegame
1353,freegame
1354,freegame
1355,freegame
1356,freegame
1357,freegame
1358,freegame
1359,freegame
1360,freegame
1361,freegame
1362,freegame
1363,freegame
1364,freegame
1365,freegame
1366,freegame
1367,freegame
1368,freegame
1369,freegame
1370,freegame
1371,freegame
1372,freegame
1373,freegame
1374,freegame
1375,freegame
1376,freegame
1377,freegame
1378,freegame
1379,freegame
1380,freegame
1381,freegame
1382,freegame
1383,freegame
1384,freegame
1385,freegame
1386,freegame
1387,freegame
1388,freegame
1389,freegame
1390,freegame
1391,freegame
1392,freegame
1393,freegame
1394,freegame
1395,freegame
1396,freegame
1397,freegame
1398,freegame
1399,freegame
1400,freegame
1401,freegame
1402,freegame
1403,freegame
1404,freegame
1405,freegame
1406,freegame
1407,freegame
1408,freegame
1409,freegame
1410,freegame
1411,freegame
1412,freegame
1413,freegame
1414,freegame
1415,freegame
1416,freegame
1417,freegame
1418,freegame
1419,freegame
1420,freegame
1421,freegame
1422,freegame
1423,freegame
1424,freegame
1425,freegame
1426,freegame
1427,freegame
1428,freegame
1429,freegame
1430,freegame
1431,freegame
1432,freegame
1433,freegame
1434,freegame
1435,freegame
1436,freegame
1437,freegame
1438,freegame
1439,freegame
1440,freegame
1441,freegame
1442,freegame
1443,freegame
1444,freegame
1445,freegame
1446,freegame
1447,freegame
1448,freegame
1449,freegame
1450,freegame
1451,freegame
1452,freegame
1453,freegame
1454,freegame
1455,freegame
1456,freegame
1457,freegame
1458,freegame
1459,freegame
1460,freegame
1461,freegame
1462,freegame
1463,freegame
1464,freegame
1465,freegame
1466,freegame
1467,freegame
1468,freegame
1469,freegame
1470,freegame
1471,freegame
1472,freegame
1473,freegame
1474,freegame
1475,freegame
1476,freegame
1477,freegame
1478,freegame
1479,freegame
1480,freegame
1481,freegame
1482,freegame
1483,freegame
1484,freegame
1485,freegame
1486,freegame
1487,freegame
1488,freegame
1489,freegame
1490,freegame
1491,freegame
1492,freegame
1493,freegame
1494,freegame
1495,freegame
1496,freegame
1497,freegame
1498,freegame
1499,freegame
1500,freegame
1501,freegame
1502,freegame
1503,freegame
1504,freegame
1505,freegame
1506,freegame
1507,freegame
1508,freegame
1509,freegame
1510,freegame
1511,freegame
1512,freegame
1513,freegame
1514,freegame
1515,freegame
1516,freegame
1517,freegame
1518,freegame
1519,freegame
1520,freegame
1521,freegame
1522,freegame
1523,freegame
1524,freegame
1525,freegame
1526,freegame
1527,freegame
1528,freegame
1529,freegame
1530,freegame
1531,freegame
1532,freegame
1533,freegame
1534,freegame
1535,freegame
1536,freegame
1537,freegame
1538,freegame
1539,freegame
1540,freegame
1541,freegame
1542,freegame
1543,freegame
1544,freegame
1545,freegame
1546,freegame
1547,freegame
1548,freegame
1549,freegame
1550,freegame
1551,freegame
1552,freegame
1553,freegame
1554,freegame
1555,freegame
1556,freegame
1557,freegame
1558,freegame
1559,freegame
1560,freegame
1561,freegame
1562,freegame
1563,freegame
1564,freegame
1565,freegame
1566,freegame
1567,freegame
1568,freegame
1569,freegame
1570,freegame
1571,freegame
1572,freegame
1573,freegame
1574,freegame
1575,freegame
1576,freegame
1577,freegame
1578,freegame
1579,freegame
1580,freegame
1581,freegame
1582,freegame
1583,freegame
1584,freegame
1585,freegame
1586,freegame
1587,freegame
1588,freegame
1589,freegame
1590,freegame
1591,freegame
1592,freegame
1593,freegame
1594,freegame
1595,freegame
1596,freegame
1597,freegame
1598,freegame
1599,freegame
1600,freegame
